alerts,apiInfoId,apiType,destinationIP,destinationPort,hasProvidedSpecDiff,hasReconstructedSpecDiff,hostSpecName,id,method,path,requestTime,sourceIP,specDiffType,statusCode,time,query
"[{'alert': 'ALERT', 'moduleName': 'traceanalyzer', 'reason': 'ALERT_WARN'}]",4,INTERNAL,10.96.105.147,80,False,False,carts.sock-shop,6255,GET,/carts/fQYXncVB6iCwnwZHj-Emr0EdJxMXYyS-/items,2023-01-23T11:34:21.122Z,192.168.157.154,,200,2023-01-23T11:34:21.137Z,
"[{'alert': 'ALERT', 'moduleName': 'traceanalyzer', 'reason': 'ALERT_WARN'}]",5,INTERNAL,10.96.196.111,80,False,False,catalogue.sock-shop,6254,GET,/catalogue,2023-01-23T11:34:21.060Z,192.168.157.154,,200,2023-01-23T11:34:21.090Z,page=1&size=6&tags=short
"[{'alert': 'ALERT', 'moduleName': 'traceanalyzer', 'reason': 'ALERT_WARN'}]",5,INTERNAL,10.96.196.111,80,False,False,catalogue.sock-shop,6253,GET,/tags,2023-01-23T11:34:21.055Z,192.168.157.154,,200,2023-01-23T11:34:21.073Z,
"[{'alert': 'ALERT', 'moduleName': 'traceanalyzer', 'reason': 'ALERT_WARN'}]",5,INTERNAL,10.96.196.111,80,False,False,catalogue.sock-shop,6252,GET,/catalogue/size,2023-01-23T11:34:21.056Z,192.168.157.154,,200,2023-01-23T11:34:21.071Z,tags=short
"[{'alert': 'ALERT', 'moduleName': 'traceanalyzer', 'reason': 'ALERT_WARN'}]",4,INTERNAL,10.96.105.147,80,False,False,carts.sock-shop,6251,GET,/carts/fQYXncVB6iCwnwZHj-Emr0EdJxMXYyS-/items,2023-01-23T11:34:19.527Z,192.168.157.154,,200,2023-01-23T11:34:19.739Z,
"[{'alert': 'ALERT', 'moduleName': 'traceanalyzer', 'reason': 'ALERT_WARN'}]",5,INTERNAL,10.96.196.111,80,False,False,catalogue.sock-shop,6250,GET,/catalogue,2023-01-23T11:34:19.534Z,192.168.157.154,,200,2023-01-23T11:34:19.545Z,sort=id&size=3&tags=magic
"[{'alert': 'ALERT', 'moduleName': 'traceanalyzer', 'reason': 'ALERT_WARN'}]",5,INTERNAL,10.96.196.111,80,False,False,catalogue.sock-shop,6249,GET,/catalogue/03fef6ac-1896-4ce8-bd69-b798f85c6e0b,2023-01-23T11:34:19.464Z,192.168.157.154,,200,2023-01-23T11:34:19.478Z,
"[{'alert': 'ALERT', 'moduleName': 'traceanalyzer', 'reason': 'ALERT_WARN'}]",4,INTERNAL,10.96.105.147,80,False,False,carts.sock-shop,6248,GET,/carts/fQYXncVB6iCwnwZHj-Emr0EdJxMXYyS-/items,2023-01-23T11:34:05.961Z,192.168.157.154,,200,2023-01-23T11:34:18.667Z,
"[{'alert': 'ALERT', 'moduleName': 'traceanalyzer', 'reason': 'ALERT_WARN'}]",5,INTERNAL,10.96.196.111,80,False,False,catalogue.sock-shop,6238,GET,/catalogue,2023-01-23T11:34:05.930Z,192.168.157.154,,200,2023-01-23T11:34:06.140Z,size=5
"[{'alert': 'ALERT', 'moduleName': 'traceanalyzer', 'reason': 'ALERT_WARN'}]",4,INTERNAL,10.96.105.147,80,False,False,carts.sock-shop,6237,POST,/carts/hrMSd9h1b3XgDefNtiWJdOsjhyBIOVbk/items,2023-01-19T13:08:57.284Z,192.168.157.162,,201,2023-01-19T13:08:57.457Z,
"[{'alert': 'ALERT', 'moduleName': 'traceanalyzer', 'reason': 'ALERT_WARN'}]",5,INTERNAL,10.96.196.111,80,False,False,catalogue.sock-shop,6236,GET,/catalogue/3395a43e-2d88-40de-b95f-e00e1502085b,2023-01-19T13:08:57.245Z,192.168.157.162,,200,2023-01-19T13:08:57.285Z,
"[{'alert': 'ALERT', 'moduleName': 'traceanalyzer', 'reason': 'ALERT_WARN'}]",5,INTERNAL,10.96.196.111,80,False,False,catalogue.sock-shop,6235,GET,/catalogue,2023-01-19T13:08:55.604Z,192.168.157.162,,200,2023-01-19T13:08:55.610Z,tags=black%2Cmagic%2Cgreen%2Cblack%2Cmagic%2Csport&page=1&size=100
"[{'alert': 'ALERT', 'moduleName': 'traceanalyzer', 'reason': 'ALERT_WARN'}]",4,INTERNAL,10.96.105.147,80,False,False,carts.sock-shop,6234,GET,/carts/hrMSd9h1b3XgDefNtiWJdOsjhyBIOVbk/items,2023-01-19T13:08:53.108Z,192.168.157.162,,200,2023-01-19T13:08:53.132Z,
"[{'alert': 'ALERT', 'moduleName': 'traceanalyzer', 'reason': 'ALERT_WARN'}]",5,INTERNAL,10.96.196.111,80,False,False,catalogue.sock-shop,6233,GET,/catalogue,2023-01-19T13:08:52.869Z,192.168.157.162,,200,2023-01-19T13:08:52.877Z,tags=action%2Cbrown%2Cbrown&page=1&size=100
"[{'alert': 'ALERT', 'moduleName': 'traceanalyzer', 'reason': 'ALERT_WARN'}]",5,INTERNAL,10.96.196.111,80,False,False,catalogue.sock-shop,6232,GET,/catalogue,2023-01-19T13:08:49.987Z,192.168.157.162,,200,2023-01-19T13:08:50.010Z,tags=brown%2Cmagic%2Cblue%2Cskin%2Cgeek&page=1&size=100
"[{'alert': 'ALERT', 'moduleName': 'traceanalyzer', 'reason': 'ALERT_WARN'}]",4,INTERNAL,10.96.105.147,80,False,False,carts.sock-shop,6231,POST,/carts/hrMSd9h1b3XgDefNtiWJdOsjhyBIOVbk/items,2023-01-19T13:08:49.505Z,192.168.157.162,,201,2023-01-19T13:08:49.669Z,
"[{'alert': 'ALERT', 'moduleName': 'traceanalyzer', 'reason': 'ALERT_WARN'}]",5,INTERNAL,10.96.196.111,80,False,False,catalogue.sock-shop,6230,GET,/catalogue/808a2de1-1aaa-4c25-a9b9-6612e8f29a38,2023-01-19T13:08:49.469Z,192.168.157.162,,200,2023-01-19T13:08:49.501Z,
"[{'alert': 'ALERT', 'moduleName': 'traceanalyzer', 'reason': 'ALERT_WARN'}]",5,INTERNAL,10.96.196.111,80,False,False,catalogue.sock-shop,6229,GET,/catalogue,2023-01-19T13:08:46.538Z,192.168.157.162,,200,2023-01-19T13:08:46.573Z,tags=&page=1&size=100
"[{'alert': 'ALERT', 'moduleName': 'traceanalyzer', 'reason': 'ALERT_WARN'}]",5,INTERNAL,10.96.196.111,80,False,False,catalogue.sock-shop,6228,GET,/catalogue,2023-01-19T13:08:44.669Z,192.168.157.162,,200,2023-01-19T13:08:44.685Z,tags=black%2Cformal%2Cmagic%2Cbrown&page=1&size=100
"[{'alert': 'ALERT', 'moduleName': 'traceanalyzer', 'reason': 'ALERT_WARN'}]",5,INTERNAL,10.96.196.111,80,False,False,catalogue.sock-shop,6227,GET,/catalogue,2023-01-19T13:08:43.839Z,192.168.157.162,,200,2023-01-19T13:08:43.846Z,tags=green%2Csport%2Cmagic%2Cmagic%2Csport%2Cblack%2Cred%2Caction&page=1&size=100
"[{'alert': 'ALERT', 'moduleName': 'traceanalyzer', 'reason': 'ALERT_WARN'}]",5,INTERNAL,10.96.196.111,80,False,False,catalogue.sock-shop,6226,GET,/catalogue,2023-01-19T13:08:40.810Z,192.168.157.162,,200,2023-01-19T13:08:40.826Z,tags=black%2Caction&page=1&size=100
"[{'alert': 'ALERT', 'moduleName': 'traceanalyzer', 'reason': 'ALERT_WARN'}]",5,INTERNAL,10.96.196.111,80,False,False,catalogue.sock-shop,6225,GET,/catalogue,2023-01-19T13:08:39.676Z,192.168.157.162,,200,2023-01-19T13:08:39.697Z,tags=action%2Cskin%2Cred%2Cbrown%2Caction&page=1&size=100
"[{'alert': 'ALERT', 'moduleName': 'traceanalyzer', 'reason': 'ALERT_WARN'}]",5,INTERNAL,10.96.196.111,80,False,False,catalogue.sock-shop,6224,GET,/catalogue,2023-01-19T13:08:38.380Z,192.168.157.162,,200,2023-01-19T13:08:38.492Z,tags=black%2Cformal%2Cblack%2Cgreen&page=1&size=100
"[{'alert': 'ALERT', 'moduleName': 'traceanalyzer', 'reason': 'ALERT_WARN'}]",4,INTERNAL,10.96.105.147,80,False,False,carts.sock-shop,6223,POST,/carts/hrMSd9h1b3XgDefNtiWJdOsjhyBIOVbk/items,2023-01-19T13:08:36.808Z,192.168.157.162,,201,2023-01-19T13:08:37.696Z,
"[{'alert': 'ALERT', 'moduleName': 'traceanalyzer', 'reason': 'ALERT_WARN'}]",5,INTERNAL,10.96.196.111,80,False,False,catalogue.sock-shop,6222,GET,/catalogue/d3588630-ad8e-49df-bbd7-3167f7efb246,2023-01-19T13:08:36.362Z,192.168.157.162,,200,2023-01-19T13:08:37.448Z,
"[{'alert': 'ALERT', 'moduleName': 'traceanalyzer', 'reason': 'ALERT_WARN'}]",5,INTERNAL,10.96.196.111,80,False,False,catalogue.sock-shop,6221,GET,/catalogue,2023-01-19T13:08:34.862Z,192.168.157.162,,200,2023-01-19T13:08:35.167Z,tags=red%2Caction%2Cgeek&page=1&size=100
"[{'alert': 'ALERT', 'moduleName': 'traceanalyzer', 'reason': 'ALERT_WARN'}]",4,INTERNAL,10.96.105.147,80,False,False,carts.sock-shop,6220,POST,/carts/hrMSd9h1b3XgDefNtiWJdOsjhyBIOVbk/items,2023-01-19T13:08:32.027Z,192.168.157.162,,201,2023-01-19T13:08:32.141Z,
"[{'alert': 'ALERT', 'moduleName': 'traceanalyzer', 'reason': 'ALERT_WARN'}]",5,INTERNAL,10.96.196.111,80,False,False,catalogue.sock-shop,6219,GET,/catalogue/d3588630-ad8e-49df-bbd7-3167f7efb246,2023-01-19T13:08:32.008Z,192.168.157.162,,200,2023-01-19T13:08:32.020Z,
"[{'alert': 'ALERT', 'moduleName': 'traceanalyzer', 'reason': 'ALERT_WARN'}]",5,INTERNAL,10.96.196.111,80,False,False,catalogue.sock-shop,6218,GET,/catalogue,2023-01-19T13:08:30.806Z,192.168.157.162,,200,2023-01-19T13:08:30.901Z,tags=action&page=1&size=100
"[{'alert': 'ALERT', 'moduleName': 'traceanalyzer', 'reason': 'ALERT_WARN'}]",5,INTERNAL,10.96.196.111,80,False,False,catalogue.sock-shop,6217,GET,/catalogue,2023-01-19T13:08:27.875Z,192.168.157.162,,200,2023-01-19T13:08:27.885Z,tags=blue%2Caction&page=1&size=100
"[{'alert': 'ALERT', 'moduleName': 'traceanalyzer', 'reason': 'ALERT_WARN'}]",5,INTERNAL,10.96.196.111,80,False,False,catalogue.sock-shop,6216,GET,/catalogue,2023-01-19T13:08:27.059Z,192.168.157.162,,200,2023-01-19T13:08:27.080Z,tags=red%2Cmagic%2Cformal%2Cblack%2Caction%2Cformal%2Csport&page=1&size=100
"[{'alert': 'ALERT', 'moduleName': 'traceanalyzer', 'reason': 'ALERT_WARN'}]",4,INTERNAL,10.96.105.147,80,False,False,carts.sock-shop,6215,POST,/carts/hrMSd9h1b3XgDefNtiWJdOsjhyBIOVbk/items,2023-01-19T13:08:24.934Z,192.168.157.162,,201,2023-01-19T13:08:25.002Z,
"[{'alert': 'ALERT', 'moduleName': 'traceanalyzer', 'reason': 'ALERT_WARN'}]",5,INTERNAL,10.96.196.111,80,False,False,catalogue.sock-shop,6214,GET,/catalogue/837ab141-399e-4c1f-9abc-bace40296bac,2023-01-19T13:08:24.925Z,192.168.157.162,,200,2023-01-19T13:08:24.933Z,
"[{'alert': 'ALERT', 'moduleName': 'traceanalyzer', 'reason': 'ALERT_WARN'}]",5,INTERNAL,10.96.196.111,80,False,False,catalogue.sock-shop,6213,GET,/catalogue,2023-01-19T13:08:24.660Z,192.168.157.162,,200,2023-01-19T13:08:24.670Z,tags=magic%2Cgreen%2Cbrown%2Csport%2Cbrown%2Caction%2Cskin%2Cgreen%2Cgeek&page=1&size=100
"[{'alert': 'ALERT', 'moduleName': 'traceanalyzer', 'reason': 'ALERT_WARN'}]",5,INTERNAL,10.96.196.111,80,False,False,catalogue.sock-shop,6212,GET,/catalogue,2023-01-19T13:08:22.723Z,192.168.157.162,,200,2023-01-19T13:08:22.751Z,tags=red&page=1&size=100
"[{'alert': 'ALERT', 'moduleName': 'traceanalyzer', 'reason': 'ALERT_WARN'}]",5,INTERNAL,10.96.196.111,80,False,False,catalogue.sock-shop,6211,GET,/catalogue,2023-01-19T13:08:20.685Z,192.168.157.162,,200,2023-01-19T13:08:20.697Z,tags=green%2Cgeek%2Cblue%2Cgeek%2Cmagic%2Cgeek%2Cmagic%2Csport&page=1&size=100
"[{'alert': 'ALERT', 'moduleName': 'traceanalyzer', 'reason': 'ALERT_WARN'}]",4,INTERNAL,10.96.105.147,80,False,False,carts.sock-shop,6210,POST,/carts/hrMSd9h1b3XgDefNtiWJdOsjhyBIOVbk/items,2023-01-19T13:08:20.194Z,192.168.157.162,,201,2023-01-19T13:08:20.282Z,
"[{'alert': 'ALERT', 'moduleName': 'traceanalyzer', 'reason': 'ALERT_WARN'}]",5,INTERNAL,10.96.196.111,80,False,False,catalogue.sock-shop,6209,GET,/catalogue/837ab141-399e-4c1f-9abc-bace40296bac,2023-01-19T13:08:20.108Z,192.168.157.162,,200,2023-01-19T13:08:20.225Z,
"[{'alert': 'ALERT', 'moduleName': 'traceanalyzer', 'reason': 'ALERT_WARN'}]",4,INTERNAL,10.96.105.147,80,False,False,carts.sock-shop,6208,GET,/carts/hrMSd9h1b3XgDefNtiWJdOsjhyBIOVbk/items,2023-01-19T13:08:17.337Z,192.168.157.162,,200,2023-01-19T13:08:17.514Z,
"[{'alert': 'ALERT', 'moduleName': 'traceanalyzer', 'reason': 'ALERT_WARN'}]",5,INTERNAL,10.96.196.111,80,False,False,catalogue.sock-shop,6207,GET,/catalogue,2023-01-19T13:08:16.042Z,192.168.157.162,,200,2023-01-19T13:08:17.452Z,tags=black%2Cgreen%2Cgeek%2Cred%2Cblack%2Cskin%2Cmagic%2Cblue%2Cgreen%2Csport%2Csport&page=1&size=100
"[{'alert': 'ALERT', 'moduleName': 'traceanalyzer', 'reason': 'ALERT_WARN'}]",5,INTERNAL,10.96.196.111,80,False,False,catalogue.sock-shop,6206,GET,/catalogue,2023-01-19T13:08:12.495Z,192.168.157.162,,200,2023-01-19T13:08:12.572Z,tags=action%2Cgreen&page=1&size=100
"[{'alert': 'ALERT', 'moduleName': 'traceanalyzer', 'reason': 'ALERT_WARN'}]",5,INTERNAL,10.96.196.111,80,False,False,catalogue.sock-shop,6205,GET,/catalogue,2023-01-19T13:08:08.248Z,192.168.157.162,,200,2023-01-19T13:08:10.746Z,tags=&page=1&size=100
"[{'alert': 'ALERT', 'moduleName': 'traceanalyzer', 'reason': 'ALERT_WARN'}]",5,INTERNAL,10.96.196.111,80,False,False,catalogue.sock-shop,6204,GET,/catalogue,2023-01-19T13:08:05.394Z,192.168.157.162,,200,2023-01-19T13:08:05.399Z,tags=formal%2Cskin&page=1&size=100
"[{'alert': 'ALERT', 'moduleName': 'traceanalyzer', 'reason': 'ALERT_WARN'}]",4,INTERNAL,10.96.105.147,80,False,False,carts.sock-shop,6203,POST,/carts/hrMSd9h1b3XgDefNtiWJdOsjhyBIOVbk/items,2023-01-19T13:08:05.055Z,192.168.157.162,,201,2023-01-19T13:08:05.165Z,
"[{'alert': 'ALERT', 'moduleName': 'traceanalyzer', 'reason': 'ALERT_WARN'}]",5,INTERNAL,10.96.196.111,80,False,False,catalogue.sock-shop,6202,GET,/catalogue/808a2de1-1aaa-4c25-a9b9-6612e8f29a38,2023-01-19T13:08:05.043Z,192.168.157.162,,200,2023-01-19T13:08:05.053Z,
"[{'alert': 'ALERT', 'moduleName': 'traceanalyzer', 'reason': 'ALERT_WARN'}]",5,INTERNAL,10.96.196.111,80,False,False,catalogue.sock-shop,6201,GET,/catalogue,2023-01-19T13:08:03.459Z,192.168.157.162,,200,2023-01-19T13:08:03.466Z,tags=blue%2Cred%2Cskin%2Cred%2Cblack%2Caction%2Cbrown%2Cbrown%2Cbrown&page=1&size=100
"[{'alert': 'ALERT', 'moduleName': 'traceanalyzer', 'reason': 'ALERT_WARN'}]",5,INTERNAL,10.96.196.111,80,False,False,catalogue.sock-shop,6200,GET,/catalogue,2023-01-19T13:08:02.305Z,192.168.157.162,,200,2023-01-19T13:08:02.310Z,tags=brown%2Cgeek%2Cgreen%2Csport%2Cblack%2Cgeek%2Cbrown%2Cgeek%2Cred%2Cred%2Cskin&page=1&size=100
"[{'alert': 'ALERT', 'moduleName': 'traceanalyzer', 'reason': 'ALERT_WARN'}]",5,INTERNAL,10.96.196.111,80,False,False,catalogue.sock-shop,6199,GET,/catalogue,2023-01-19T13:08:00.035Z,192.168.157.162,,200,2023-01-19T13:08:00.041Z,tags=formal%2Cbrown%2Cblue%2Cgreen&page=1&size=100
"[{'alert': 'ALERT', 'moduleName': 'traceanalyzer', 'reason': 'ALERT_WARN'}]",5,INTERNAL,10.96.196.111,80,False,False,catalogue.sock-shop,6198,GET,/catalogue,2023-01-19T13:07:58.861Z,192.168.157.162,,200,2023-01-19T13:07:58.877Z,tags=red&page=1&size=100
"[{'alert': 'ALERT', 'moduleName': 'traceanalyzer', 'reason': 'ALERT_WARN'}]",5,INTERNAL,10.96.196.111,80,False,False,catalogue.sock-shop,6197,GET,/catalogue,2023-01-19T13:07:58.567Z,192.168.157.162,,200,2023-01-19T13:07:58.599Z,tags=red%2Caction%2Cformal%2Csport&page=1&size=100
"[{'alert': 'ALERT', 'moduleName': 'traceanalyzer', 'reason': 'ALERT_WARN'}]",5,INTERNAL,10.96.196.111,80,False,False,catalogue.sock-shop,6197,GET,/catalogue,2023-01-19T13:07:58.567Z,192.168.157.162,,200,2023-01-19T13:07:58.599Z,tags=red%2Caction%2Cformal%2Csport&page=1&size=100
"[{'alert': 'ALERT', 'moduleName': 'traceanalyzer', 'reason': 'ALERT_WARN'}]",4,INTERNAL,10.96.105.147,80,False,False,carts.sock-shop,6196,POST,/carts/hrMSd9h1b3XgDefNtiWJdOsjhyBIOVbk/items,2023-01-19T13:07:56.999Z,192.168.157.162,,201,2023-01-19T13:07:57.147Z,
"[{'alert': 'ALERT', 'moduleName': 'traceanalyzer', 'reason': 'ALERT_WARN'}]",5,INTERNAL,10.96.196.111,80,False,False,catalogue.sock-shop,6195,GET,/catalogue/a0a4f044-b040-410d-8ead-4de0446aec7e,2023-01-19T13:07:56.883Z,192.168.157.162,,200,2023-01-19T13:07:57.056Z,
"[{'alert': 'ALERT', 'moduleName': 'traceanalyzer', 'reason': 'ALERT_WARN'}]",5,INTERNAL,10.96.196.111,80,False,False,catalogue.sock-shop,6194,GET,/catalogue,2023-01-19T13:07:54.931Z,192.168.157.162,,200,2023-01-19T13:07:54.937Z,tags=sport%2Cbrown%2Cgreen%2Cgeek%2Cblack%2Csport%2Csport&page=1&size=100
"[{'alert': 'ALERT', 'moduleName': 'traceanalyzer', 'reason': 'ALERT_WARN'}]",5,INTERNAL,10.96.196.111,80,False,False,catalogue.sock-shop,6193,GET,/catalogue,2023-01-19T13:07:54.681Z,192.168.157.162,,200,2023-01-19T13:07:54.872Z,tags=skin%2Cmagic&page=1&size=100
"[{'alert': 'ALERT', 'moduleName': 'traceanalyzer', 'reason': 'ALERT_WARN'}]",4,INTERNAL,10.96.105.147,80,False,False,carts.sock-shop,6192,POST,/carts/hrMSd9h1b3XgDefNtiWJdOsjhyBIOVbk/items,2023-01-19T13:07:51.056Z,192.168.157.162,,201,2023-01-19T13:07:51.185Z,
"[{'alert': 'ALERT', 'moduleName': 'traceanalyzer', 'reason': 'ALERT_WARN'}]",5,INTERNAL,10.96.196.111,80,False,False,catalogue.sock-shop,6191,GET,/catalogue/510a0d7e-8e83-4193-b483-e27e09ddc34d,2023-01-19T13:07:50.553Z,192.168.157.162,,200,2023-01-19T13:07:51.157Z,
"[{'alert': 'ALERT', 'moduleName': 'traceanalyzer', 'reason': 'ALERT_WARN'}]",5,INTERNAL,10.96.196.111,80,False,False,catalogue.sock-shop,6190,GET,/catalogue,2023-01-19T13:07:50.522Z,192.168.157.162,,200,2023-01-19T13:07:51.156Z,tags=red&page=1&size=100
"[{'alert': 'ALERT', 'moduleName': 'traceanalyzer', 'reason': 'ALERT_WARN'}]",5,INTERNAL,10.96.196.111,80,False,False,catalogue.sock-shop,6189,GET,/catalogue,2023-01-19T13:07:47.710Z,192.168.157.162,,200,2023-01-19T13:07:47.956Z,tags=black%2Cblack%2Cgeek%2Cgreen%2Cblack%2Cblack%2Cblack%2Cblack%2Cgeek&page=1&size=100
"[{'alert': 'ALERT', 'moduleName': 'traceanalyzer', 'reason': 'ALERT_WARN'}]",5,INTERNAL,10.96.196.111,80,False,False,catalogue.sock-shop,6188,GET,/catalogue,2023-01-19T13:07:47.710Z,192.168.157.162,,200,2023-01-19T13:07:47.955Z,tags=green%2Cblack%2Cmagic%2Cformal%2Cblue%2Cskin%2Cblue%2Cgeek%2Caction&page=1&size=100
"[{'alert': 'ALERT', 'moduleName': 'traceanalyzer', 'reason': 'ALERT_WARN'}]",5,INTERNAL,10.96.196.111,80,False,False,catalogue.sock-shop,6187,GET,/catalogue,2023-01-19T13:07:42.905Z,192.168.157.162,,200,2023-01-19T13:07:43.078Z,tags=green%2Cblue%2Cskin%2Caction%2Caction%2Cgreen%2Cformal%2Cblack%2Cbrown%2Cmagic%2Cblue&page=1&size=100
"[{'alert': 'ALERT', 'moduleName': 'traceanalyzer', 'reason': 'ALERT_WARN'}]",4,INTERNAL,10.96.105.147,80,False,False,carts.sock-shop,6186,GET,/carts/hrMSd9h1b3XgDefNtiWJdOsjhyBIOVbk/items,2023-01-19T13:07:41.992Z,192.168.157.162,,200,2023-01-19T13:07:42.235Z,
"[{'alert': 'ALERT', 'moduleName': 'traceanalyzer', 'reason': 'ALERT_WARN'}]",5,INTERNAL,10.96.196.111,80,False,False,catalogue.sock-shop,6185,GET,/catalogue,2023-01-19T13:07:37.744Z,192.168.157.162,,200,2023-01-19T13:07:38.084Z,tags=green%2Cred%2Cblack&page=1&size=100
"[{'alert': 'ALERT', 'moduleName': 'traceanalyzer', 'reason': 'ALERT_WARN'}]",4,INTERNAL,10.96.105.147,80,False,False,carts.sock-shop,6184,POST,/carts/hrMSd9h1b3XgDefNtiWJdOsjhyBIOVbk/items,2023-01-19T13:07:35.794Z,192.168.157.162,,201,2023-01-19T13:07:36.000Z,
"[{'alert': 'ALERT', 'moduleName': 'traceanalyzer', 'reason': 'ALERT_WARN'}]",5,INTERNAL,10.96.196.111,80,False,False,catalogue.sock-shop,6183,GET,/catalogue/808a2de1-1aaa-4c25-a9b9-6612e8f29a38,2023-01-19T13:07:35.088Z,192.168.157.162,,200,2023-01-19T13:07:35.836Z,
"[{'alert': 'ALERT', 'moduleName': 'traceanalyzer', 'reason': 'ALERT_WARN'}]",4,INTERNAL,10.96.105.147,80,False,False,carts.sock-shop,6182,GET,/carts/hrMSd9h1b3XgDefNtiWJdOsjhyBIOVbk/items,2023-01-19T13:07:32.970Z,192.168.157.162,,200,2023-01-19T13:07:33.051Z,
"[{'alert': 'ALERT', 'moduleName': 'traceanalyzer', 'reason': 'ALERT_WARN'}]",5,INTERNAL,10.96.196.111,80,False,False,catalogue.sock-shop,6181,GET,/catalogue,2023-01-19T13:07:32.727Z,192.168.157.162,,200,2023-01-19T13:07:32.962Z,tags=action&page=1&size=100
"[{'alert': 'ALERT', 'moduleName': 'traceanalyzer', 'reason': 'ALERT_WARN'}]",5,INTERNAL,10.96.196.111,80,False,False,catalogue.sock-shop,6180,GET,/catalogue,2023-01-19T13:07:29.573Z,192.168.157.162,,200,2023-01-19T13:07:29.623Z,tags=formal%2Cmagic%2Caction%2Cblack&page=1&size=100
"[{'alert': 'ALERT', 'moduleName': 'traceanalyzer', 'reason': 'ALERT_WARN'}]",5,INTERNAL,10.96.196.111,80,False,False,catalogue.sock-shop,6179,GET,/catalogue,2023-01-19T13:07:28.517Z,192.168.157.162,,200,2023-01-19T13:07:28.635Z,tags=magic%2Cgreen%2Cbrown%2Cbrown%2Cblue%2Cgreen%2Cbrown%2Cgeek%2Cformal%2Cmagic%2Cformal&page=1&size=100
"[{'alert': 'ALERT', 'moduleName': 'traceanalyzer', 'reason': 'ALERT_WARN'}]",5,INTERNAL,10.96.196.111,80,False,False,catalogue.sock-shop,6178,GET,/catalogue,2023-01-19T13:07:27.077Z,192.168.157.162,,200,2023-01-19T13:07:27.325Z,tags=action%2Cgeek%2Cbrown%2Cred&page=1&size=100
"[{'alert': 'ALERT', 'moduleName': 'traceanalyzer', 'reason': 'ALERT_WARN'}]",5,INTERNAL,10.96.196.111,80,False,False,catalogue.sock-shop,6177,GET,/catalogue,2023-01-19T13:07:24.765Z,192.168.157.162,,200,2023-01-19T13:07:24.820Z,tags=magic%2Caction&page=1&size=100
"[{'alert': 'ALERT', 'moduleName': 'traceanalyzer', 'reason': 'ALERT_WARN'}]",4,INTERNAL,10.96.105.147,80,False,False,carts.sock-shop,6176,POST,/carts/hrMSd9h1b3XgDefNtiWJdOsjhyBIOVbk/items,2023-01-19T13:07:24.560Z,192.168.157.162,,201,2023-01-19T13:07:24.792Z,
"[{'alert': 'ALERT', 'moduleName': 'traceanalyzer', 'reason': 'ALERT_WARN'}]",5,INTERNAL,10.96.196.111,80,False,False,catalogue.sock-shop,6175,GET,/catalogue/837ab141-399e-4c1f-9abc-bace40296bac,2023-01-19T13:07:24.147Z,192.168.157.162,,200,2023-01-19T13:07:24.643Z,
"[{'alert': 'ALERT', 'moduleName': 'traceanalyzer', 'reason': 'ALERT_WARN'}]",5,INTERNAL,10.96.196.111,80,False,False,catalogue.sock-shop,6174,GET,/catalogue,2023-01-19T13:07:21.001Z,192.168.157.162,,200,2023-01-19T13:07:21.210Z,tags=formal%2Cformal%2Cskin%2Cgreen&page=1&size=100
"[{'alert': 'ALERT', 'moduleName': 'traceanalyzer', 'reason': 'ALERT_WARN'}]",5,INTERNAL,10.96.196.111,80,False,False,catalogue.sock-shop,6173,GET,/catalogue,2023-01-19T13:07:18.169Z,192.168.157.162,,200,2023-01-19T13:07:18.179Z,tags=action%2Cbrown&page=1&size=100
"[{'alert': 'ALERT', 'moduleName': 'traceanalyzer', 'reason': 'ALERT_WARN'}]",4,INTERNAL,10.96.105.147,80,False,False,carts.sock-shop,6172,POST,/carts/hrMSd9h1b3XgDefNtiWJdOsjhyBIOVbk/items,2023-01-19T13:07:17.871Z,192.168.157.162,,201,2023-01-19T13:07:18.044Z,
"[{'alert': 'ALERT', 'moduleName': 'traceanalyzer', 'reason': 'ALERT_WARN'}]",5,INTERNAL,10.96.196.111,80,False,False,catalogue.sock-shop,6171,GET,/catalogue/03fef6ac-1896-4ce8-bd69-b798f85c6e0b,2023-01-19T13:07:17.842Z,192.168.157.162,,200,2023-01-19T13:07:17.864Z,
"[{'alert': 'ALERT', 'moduleName': 'traceanalyzer', 'reason': 'ALERT_WARN'}]",5,INTERNAL,10.96.196.111,80,False,False,catalogue.sock-shop,6170,GET,/catalogue,2023-01-19T13:07:17.010Z,192.168.157.162,,200,2023-01-19T13:07:17.130Z,tags=geek%2Cblue%2Cblack&page=1&size=100
"[{'alert': 'ALERT', 'moduleName': 'traceanalyzer', 'reason': 'ALERT_WARN'}]",4,INTERNAL,10.96.105.147,80,False,False,carts.sock-shop,6169,POST,/carts/hrMSd9h1b3XgDefNtiWJdOsjhyBIOVbk/items,2023-01-19T13:07:14.906Z,192.168.157.162,,201,2023-01-19T13:07:14.996Z,
"[{'alert': 'ALERT', 'moduleName': 'traceanalyzer', 'reason': 'ALERT_WARN'}]",5,INTERNAL,10.96.196.111,80,False,False,catalogue.sock-shop,6168,GET,/catalogue/819e1fbf-8b7e-4f6d-811f-693534916a8b,2023-01-19T13:07:14.873Z,192.168.157.162,,200,2023-01-19T13:07:14.897Z,
"[{'alert': 'ALERT', 'moduleName': 'traceanalyzer', 'reason': 'ALERT_WARN'}]",5,INTERNAL,10.96.196.111,80,False,False,catalogue.sock-shop,6167,GET,/catalogue,2023-01-19T13:07:14.448Z,192.168.157.162,,200,2023-01-19T13:07:14.479Z,tags=formal%2Csport%2Cblack%2Cformal%2Cskin%2Cgreen%2Cbrown%2Csport%2Cformal&page=1&size=100
"[{'alert': 'ALERT', 'moduleName': 'traceanalyzer', 'reason': 'ALERT_WARN'}]",5,INTERNAL,10.96.196.111,80,False,False,catalogue.sock-shop,6166,GET,/catalogue,2023-01-19T13:07:12.488Z,192.168.157.162,,200,2023-01-19T13:07:12.506Z,tags=skin%2Csport%2Cblue%2Cblue&page=1&size=100
"[{'alert': 'ALERT', 'moduleName': 'traceanalyzer', 'reason': 'ALERT_WARN'}]",5,INTERNAL,10.96.196.111,80,False,False,catalogue.sock-shop,6165,GET,/catalogue,2023-01-19T13:07:12.183Z,192.168.157.162,,200,2023-01-19T13:07:12.195Z,tags=green%2Caction%2Cskin%2Cred%2Caction%2Cskin%2Cred%2Cformal%2Cred%2Caction%2Cblue&page=1&size=100
"[{'alert': 'ALERT', 'moduleName': 'traceanalyzer', 'reason': 'ALERT_WARN'}]",5,INTERNAL,10.96.196.111,80,False,False,catalogue.sock-shop,6164,GET,/catalogue,2023-01-19T13:07:10.456Z,192.168.157.162,,200,2023-01-19T13:07:10.466Z,tags=&page=1&size=100
"[{'alert': 'ALERT', 'moduleName': 'traceanalyzer', 'reason': 'ALERT_WARN'}]",5,INTERNAL,10.96.196.111,80,False,False,catalogue.sock-shop,6163,GET,/catalogue,2023-01-19T13:07:07.619Z,192.168.157.162,,200,2023-01-19T13:07:07.693Z,tags=formal%2Cblack%2Cskin%2Cgeek%2Cformal%2Cmagic%2Cformal%2Cmagic%2Caction%2Csport%2Cbrown&page=1&size=100
"[{'alert': 'ALERT', 'moduleName': 'traceanalyzer', 'reason': 'ALERT_WARN'}]",5,INTERNAL,10.96.196.111,80,False,False,catalogue.sock-shop,6162,GET,/catalogue,2023-01-19T13:07:02.717Z,192.168.157.162,,200,2023-01-19T13:07:02.727Z,tags=&page=1&size=100
"[{'alert': 'ALERT', 'moduleName': 'traceanalyzer', 'reason': 'ALERT_WARN'}]",4,INTERNAL,10.96.105.147,80,False,False,carts.sock-shop,6161,POST,/carts/hrMSd9h1b3XgDefNtiWJdOsjhyBIOVbk/items,2023-01-19T13:06:59.600Z,192.168.157.162,,201,2023-01-19T13:06:59.731Z,
"[{'alert': 'ALERT', 'moduleName': 'traceanalyzer', 'reason': 'ALERT_WARN'}]",5,INTERNAL,10.96.196.111,80,False,False,catalogue.sock-shop,6159,GET,/catalogue,2023-01-19T13:06:59.472Z,192.168.157.162,,200,2023-01-19T13:06:59.642Z,tags=formal%2Cblue%2Cgreen%2Csport%2Cgreen%2Caction%2Cgreen%2Cbrown%2Cblack&page=1&size=100
"[{'alert': 'ALERT', 'moduleName': 'traceanalyzer', 'reason': 'ALERT_WARN'}]",5,INTERNAL,10.96.196.111,80,False,False,catalogue.sock-shop,6160,GET,/catalogue/510a0d7e-8e83-4193-b483-e27e09ddc34d,2023-01-19T13:06:59.464Z,192.168.157.162,,200,2023-01-19T13:06:59.642Z,
"[{'alert': 'ALERT', 'moduleName': 'traceanalyzer', 'reason': 'ALERT_WARN'}]",4,INTERNAL,10.96.105.147,80,False,False,carts.sock-shop,6158,POST,/carts/hrMSd9h1b3XgDefNtiWJdOsjhyBIOVbk/items,2023-01-19T13:06:54.918Z,192.168.157.162,,201,2023-01-19T13:06:55.056Z,
"[{'alert': 'ALERT', 'moduleName': 'traceanalyzer', 'reason': 'ALERT_WARN'}]",5,INTERNAL,10.96.196.111,80,False,False,catalogue.sock-shop,6157,GET,/catalogue,2023-01-19T13:06:54.579Z,192.168.157.162,,200,2023-01-19T13:06:54.946Z,tags=black%2Cred%2Cgeek%2Cred&page=1&size=100
"[{'alert': 'ALERT', 'moduleName': 'traceanalyzer', 'reason': 'ALERT_WARN'}]",5,INTERNAL,10.96.196.111,80,False,False,catalogue.sock-shop,6156,GET,/catalogue/819e1fbf-8b7e-4f6d-811f-693534916a8b,2023-01-19T13:06:54.798Z,192.168.157.162,,200,2023-01-19T13:06:54.946Z,
"[{'alert': 'ALERT', 'moduleName': 'traceanalyzer', 'reason': 'ALERT_WARN'}]",5,INTERNAL,10.96.196.111,80,False,False,catalogue.sock-shop,6155,GET,/catalogue,2023-01-19T13:06:49.941Z,192.168.157.162,,200,2023-01-19T13:06:49.946Z,tags=formal%2Cmagic%2Cskin%2Cmagic&page=1&size=100
"[{'alert': 'ALERT', 'moduleName': 'traceanalyzer', 'reason': 'ALERT_WARN'}]",5,INTERNAL,10.96.196.111,80,False,False,catalogue.sock-shop,6154,GET,/catalogue,2023-01-19T13:06:49.727Z,192.168.157.162,,200,2023-01-19T13:06:49.797Z,tags=magic%2Cbrown%2Caction%2Cformal%2Cmagic%2Cgreen%2Cbrown%2Cskin%2Cgreen%2Csport&page=1&size=100
"[{'alert': 'ALERT', 'moduleName': 'traceanalyzer', 'reason': 'ALERT_WARN'}]",5,INTERNAL,10.96.196.111,80,False,False,catalogue.sock-shop,6153,GET,/catalogue,2023-01-19T13:06:48.356Z,192.168.157.162,,200,2023-01-19T13:06:48.399Z,tags=blue%2Cskin%2Cformal%2Csport%2Caction%2Cblack%2Cgeek&page=1&size=100
"[{'alert': 'ALERT', 'moduleName': 'traceanalyzer', 'reason': 'ALERT_WARN'}]",4,INTERNAL,10.96.105.147,80,False,False,carts.sock-shop,6152,POST,/carts/hrMSd9h1b3XgDefNtiWJdOsjhyBIOVbk/items,2023-01-19T13:06:48.328Z,192.168.157.162,,201,2023-01-19T13:06:48.348Z,
"[{'alert': 'ALERT', 'moduleName': 'traceanalyzer', 'reason': 'ALERT_WARN'}]",5,INTERNAL,10.96.196.111,80,False,False,catalogue.sock-shop,6151,GET,/catalogue/819e1fbf-8b7e-4f6d-811f-693534916a8b,2023-01-19T13:06:48.320Z,192.168.157.162,,200,2023-01-19T13:06:48.338Z,
"[{'alert': 'ALERT', 'moduleName': 'traceanalyzer', 'reason': 'ALERT_WARN'}]",5,INTERNAL,10.96.196.111,80,False,False,catalogue.sock-shop,6150,GET,/catalogue,2023-01-19T13:06:46.822Z,192.168.157.162,,200,2023-01-19T13:06:46.830Z,tags=green%2Cbrown%2Cmagic%2Cmagic%2Cgreen%2Cmagic%2Cgreen%2Cblue%2Cgeek&page=1&size=100
"[{'alert': 'ALERT', 'moduleName': 'traceanalyzer', 'reason': 'ALERT_WARN'}]",5,INTERNAL,10.96.196.111,80,False,False,catalogue.sock-shop,6149,GET,/catalogue,2023-01-19T13:06:45.626Z,192.168.157.162,,200,2023-01-19T13:06:45.760Z,tags=black&page=1&size=100
"[{'alert': 'ALERT', 'moduleName': 'traceanalyzer', 'reason': 'ALERT_WARN'}]",4,INTERNAL,10.96.105.147,80,False,False,carts.sock-shop,6148,POST,/carts/hrMSd9h1b3XgDefNtiWJdOsjhyBIOVbk/items,2023-01-19T13:06:45.448Z,192.168.157.162,,201,2023-01-19T13:06:45.528Z,
